{
    "simulation": 1,
    "lambda_pairs": [
        [
            65.93178292750773,
            0.044964772422347817
        ],
        [
            65.93178292750773,
            0.05495694407175844
        ],
        [
            65.93178292750773,
            0.044964772422347817
        ],
        [
            65.93178292750773,
            0.06494911572116907
        ],
        [
            65.93178292750773,
            0.06494911572116907
        ],
        [
            65.93178292750773,
            0.05495694407175844
        ],
        [
            65.93178292750773,
            0.1149099739682222
        ],
        [
            65.93178292750773,
            0.05495694407175844
        ],
        [
            65.93178292750773,
            0.05495694407175844
        ],
        [
            65.93178292750773,
            0.06494911572116907
        ]
    ],
    "threshold": 0.018386856407289744,
    "estimated_changepoints": [
        373,
        515,
        719,
        997
    ],
    "true_changepoints": []
}