simulation,permutation,lambda_pairs,threshold,predicted_changepoints
1,1,"27.325587199460266,0.14385395745238502;29.189039038652847,0.08692552293342444;26.098928838449396,0.10457594412565507;30.659419433511786,0.08275670346143979;25.343960888373967,0.3460810941326123;25.52016667816564,0.0859228882055743",0.3449574212508396,160;237
